crossover_type,population_size,m,k,d,optimum,generations,evaluations,time,best_fitness,is_optimal
Uniform,20,1,5,0.2,1,0,18,0.0004019737243652344,1,True
Uniform,20,1,5,0.8,1,0,37,0.0006573200225830078,1,True
Uniform,20,1,5,0.2,1,7,160,0.0033295154571533203,0.8,False
Uniform,20,1,5,0.8,1,3,80,0.001806497573852539,0.19999999999999996,False
Uniform,20,1,5,0.2,1,0,8,0.00016355514526367188,1,True
Uniform,20,1,5,0.8,1,0,16,0.00025773048400878906,1,True
Uniform,20,1,5,0.2,1,0,19,0.00029158592224121094,1,True
Uniform,20,1,5,0.8,1,5,120,0.002227783203125,0.19999999999999996,False
Uniform,20,1,5,0.2,1,5,120,0.0021903514862060547,0.8,False
Uniform,20,1,5,0.8,1,0,14,0.00023293495178222656,1,True
Uniform,20,1,5,0.2,1,0,32,0.000514984130859375,1,True
Uniform,20,1,5,0.8,1,0,1,4.0531158447265625e-05,1,True
Uniform,20,1,5,0.2,1,0,11,0.0001823902130126953,1,True
Uniform,20,1,5,0.8,1,5,120,0.0021965503692626953,0.19999999999999996,False
Uniform,20,1,5,0.2,1,0,3,8.630752563476562e-05,1,True
Uniform,20,1,5,0.8,1,0,39,0.0005519390106201172,1,True
Uniform,20,1,5,0.2,1,0,33,0.0005097389221191406,1,True
Uniform,20,1,5,0.8,1,0,13,0.00020360946655273438,1,True
Uniform,20,1,5,0.2,1,0,15,0.0002269744873046875,1,True
Uniform,20,1,5,0.8,1,0,4,8.416175842285156e-05,1,True
Uniform,40,1,5,0.2,1,0,21,0.0003018379211425781,1,True
Uniform,40,1,5,0.8,1,0,20,0.0002930164337158203,1,True
Uniform,40,1,5,0.2,1,0,3,6.985664367675781e-05,1,True
Uniform,40,1,5,0.8,1,0,36,0.0005090236663818359,1,True
Uniform,40,1,5,0.2,1,0,2,5.4836273193359375e-05,1,True
Uniform,40,1,5,0.8,1,1,118,0.0027709007263183594,1,True
Uniform,40,1,5,0.2,1,0,15,0.00150299072265625,1,True
Uniform,40,1,5,0.8,1,0,10,0.001291513442993164,1,True
Uniform,40,1,5,0.2,1,0,62,0.004719734191894531,1,True
Uniform,40,1,5,0.8,1,0,20,0.0005733966827392578,1,True
Uniform,40,1,5,0.2,1,4,200,0.0048274993896484375,0.8,False
Uniform,40,1,5,0.8,1,0,21,0.0004076957702636719,1,True
Uniform,40,1,5,0.2,1,0,32,0.0005514621734619141,1,True
Uniform,40,1,5,0.8,1,0,59,0.002907991409301758,1,True
Uniform,40,1,5,0.2,1,0,54,0.005646228790283203,1,True
Uniform,40,1,5,0.8,1,0,14,0.0007946491241455078,1,True
Uniform,40,1,5,0.2,1,0,9,0.00020456314086914062,1,True
Uniform,40,1,5,0.8,1,0,5,0.00013065338134765625,1,True
Uniform,40,1,5,0.2,1,6,280,0.0058519840240478516,0.8,False
Uniform,40,1,5,0.8,1,0,3,0.00010442733764648438,1,True
Uniform,60,1,5,0.2,1,6,420,0.008788824081420898,0.8,False
Uniform,60,1,5,0.8,1,0,3,0.00011277198791503906,1,True
Uniform,60,1,5,0.2,1,0,30,0.0005536079406738281,1,True
Uniform,60,1,5,0.8,1,0,1,4.863739013671875e-05,1,True
Uniform,60,1,5,0.2,1,0,42,0.0007302761077880859,1,True
Uniform,60,1,5,0.8,1,0,59,0.0011355876922607422,1,True
Uniform,60,1,5,0.2,1,0,30,0.0011868476867675781,1,True
Uniform,60,1,5,0.8,1,0,34,0.000583648681640625,1,True
Uniform,60,1,5,0.2,1,0,19,0.0003616809844970703,1,True
Uniform,60,1,5,0.8,1,0,8,0.0001647472381591797,1,True
Uniform,60,1,5,0.2,1,0,24,0.0004153251647949219,1,True
Uniform,60,1,5,0.8,1,0,52,0.0008623600006103516,1,True
Uniform,60,1,5,0.2,1,0,10,0.00019598007202148438,1,True
Uniform,60,1,5,0.8,1,0,24,0.0004260540008544922,1,True
Uniform,60,1,5,0.2,1,0,54,0.0008792877197265625,1,True
Uniform,60,1,5,0.8,1,0,1,4.458427429199219e-05,1,True
Uniform,60,1,5,0.2,1,0,24,0.00040149688720703125,1,True
Uniform,60,1,5,0.8,1,0,4,0.00011134147644042969,1,True
Uniform,60,1,5,0.2,1,0,88,0.006077289581298828,1,True
Uniform,60,1,5,0.8,1,0,21,0.0018074512481689453,1,True
Uniform,80,1,5,0.2,1,0,26,0.0017330646514892578,1,True
Uniform,80,1,5,0.8,1,0,34,0.0007302761077880859,1,True
Uniform,80,1,5,0.2,1,0,12,0.00023436546325683594,1,True
Uniform,80,1,5,0.8,1,0,18,0.0003247261047363281,1,True
Uniform,80,1,5,0.2,1,0,55,0.0009438991546630859,1,True
Uniform,80,1,5,0.8,1,0,23,0.00039768218994140625,1,True
Uniform,80,1,5,0.2,1,0,29,0.0004961490631103516,1,True
Uniform,80,1,5,0.8,1,0,12,0.00022792816162109375,1,True
Uniform,80,1,5,0.2,1,0,1,4.506111145019531e-05,1,True
Uniform,80,1,5,0.8,1,0,40,0.0006721019744873047,1,True
Uniform,80,1,5,0.2,1,0,11,0.00021529197692871094,1,True
Uniform,80,1,5,0.8,1,0,33,0.0005636215209960938,1,True
Uniform,80,1,5,0.2,1,0,50,0.0008347034454345703,1,True
Uniform,80,1,5,0.8,1,6,560,0.016932249069213867,0.19999999999999996,False
Uniform,80,1,5,0.2,1,0,63,0.0020973682403564453,1,True
Uniform,80,1,5,0.8,1,7,640,0.018927335739135742,0.19999999999999996,False
Uniform,80,1,5,0.2,1,0,5,0.00015306472778320312,1,True
Uniform,80,1,5,0.8,1,0,33,0.0005738735198974609,1,True
Uniform,80,1,5,0.2,1,0,1,5.078315734863281e-05,1,True
Uniform,80,1,5,0.8,1,0,33,0.0009622573852539062,1,True
Uniform,100,1,5,0.2,1,0,2,0.00015211105346679688,1,True
Uniform,100,1,5,0.8,1,0,2,9.512901306152344e-05,1,True
Uniform,100,1,5,0.2,1,0,43,0.0014185905456542969,1,True
Uniform,100,1,5,0.8,1,0,18,0.00032591819763183594,1,True
Uniform,100,1,5,0.2,1,0,48,0.0007898807525634766,1,True
Uniform,100,1,5,0.8,1,0,159,0.0027129650115966797,1,True
Uniform,100,1,5,0.2,1,0,68,0.0011210441589355469,1,True
Uniform,100,1,5,0.8,1,0,53,0.0008904933929443359,1,True
Uniform,100,1,5,0.2,1,0,19,0.00033593177795410156,1,True
Uniform,100,1,5,0.8,1,0,27,0.00043892860412597656,1,True
Uniform,100,1,5,0.2,1,0,55,0.0008630752563476562,1,True
Uniform,100,1,5,0.8,1,0,51,0.0007965564727783203,1,True
Uniform,100,1,5,0.2,1,0,81,0.004431486129760742,1,True
Uniform,100,1,5,0.8,1,0,3,0.0007402896881103516,1,True
Uniform,100,1,5,0.2,1,0,31,0.0022954940795898438,1,True
Uniform,100,1,5,0.8,1,0,20,0.0018727779388427734,1,True
Uniform,100,1,5,0.2,1,0,15,0.00034046173095703125,1,True
Uniform,100,1,5,0.8,1,0,95,0.0015795230865478516,1,True
Uniform,100,1,5,0.2,1,0,19,0.0003447532653808594,1,True
Uniform,100,1,5,0.8,1,0,36,0.0006177425384521484,1,True
Uniform,20,2,5,0.2,2,12,260,0.008797168731689453,1.6,False
Uniform,20,2,5,0.8,2,12,260,0.007956504821777344,0.3999999999999999,False
Uniform,20,2,5,0.2,2,14,300,0.016071319580078125,1.6,False
Uniform,20,2,5,0.8,2,13,280,0.00909566879272461,1.1,False
Uniform,20,2,5,0.2,2,7,160,0.004764080047607422,1.4,False
Uniform,20,2,5,0.8,2,20,420,0.018947124481201172,1.15,False
Uniform,20,2,5,0.2,2,8,180,0.005947113037109375,1.8,False
Uniform,20,2,5,0.8,2,11,240,0.006697416305541992,1.2,False
Uniform,20,2,5,0.2,2,8,180,0.004939079284667969,1.6,False
Uniform,20,2,5,0.8,2,10,220,0.013153791427612305,1.2,False
Uniform,20,2,5,0.2,2,15,320,0.01727581024169922,1.6,False
Uniform,20,2,5,0.8,2,12,260,0.008034229278564453,1.1,False
Uniform,20,2,5,0.2,2,10,220,0.006668806076049805,1.8,False
Uniform,20,2,5,0.8,2,23,480,0.015240192413330078,1.2,False
Uniform,20,2,5,0.2,2,8,180,0.0055751800537109375,1.4000000000000001,False
Uniform,20,2,5,0.8,2,18,380,0.019800424575805664,1.15,False
Uniform,20,2,5,0.2,2,7,160,0.01355600357055664,1.8,False
Uniform,20,2,5,0.8,2,7,160,0.005664825439453125,0.3999999999999999,False
Uniform,20,2,5,0.2,2,23,480,0.017706632614135742,1.6,False
Uniform,20,2,5,0.8,2,15,320,0.013692140579223633,1.15,False
Uniform,40,2,5,0.2,2,16,680,0.026728153228759766,1.4000000000000001,False
Uniform,40,2,5,0.8,2,21,880,0.02883601188659668,1.15,False
Uniform,40,2,5,0.2,2,67,2720,0.08074355125427246,1.8,False
Uniform,40,2,5,0.8,2,26,1080,0.022988080978393555,1.15,False
Uniform,40,2,5,0.2,2,33,1360,0.05452394485473633,1.8,False
Uniform,40,2,5,0.8,2,18,760,0.031671762466430664,1.15,False
Uniform,40,2,5,0.2,2,17,720,0.026389598846435547,1.8,False
Uniform,40,2,5,0.8,2,0,17,0.0004756450653076172,2,True
Uniform,40,2,5,0.2,2,72,2920,0.08792376518249512,1.6,False
Uniform,40,2,5,0.8,2,88,3560,0.11189460754394531,1.2,False
Uniform,40,2,5,0.2,2,19,800,0.017943859100341797,1.6,False
Uniform,40,2,5,0.8,2,12,520,0.019574880599975586,1.15,False
Uniform,40,2,5,0.2,2,91,3680,0.11237096786499023,1.4000000000000001,False
Uniform,40,2,5,0.8,2,29,1200,0.03733468055725098,1.2,False
Uniform,40,2,5,0.2,2,48,1960,0.06434369087219238,1.6,False
Uniform,40,2,5,0.8,2,32,1320,0.03795266151428223,1.15,False
Uniform,40,2,5,0.2,2,0,71,0.001619577407836914,2,True
Uniform,40,2,5,0.8,2,25,1040,0.03270459175109863,1.15,False
Uniform,40,2,5,0.2,2,150,6040,0.1539294719696045,1.6,False
Uniform,40,2,5,0.8,2,112,4520,0.10701537132263184,1.2,False
Uniform,60,2,5,0.2,2,0,28,0.0005125999450683594,2,True
Uniform,60,2,5,0.8,2,68,4140,0.10756611824035645,1.2,False
Uniform,60,2,5,0.2,2,522,31380,0.6911942958831787,1.6,False
Uniform,60,2,5,0.8,2,27,1680,0.04405975341796875,1.15,False
Uniform,60,2,5,0.2,2,44,2700,0.07387542724609375,1.6,False
Uniform,60,2,5,0.8,2,23,1440,0.03936362266540527,1.15,False
Uniform,60,2,5,0.2,2,654,39300,0.8769474029541016,1.8,False
Uniform,60,2,5,0.8,2,655,39360,0.8971209526062012,1.15,False
Uniform,60,2,5,0.2,2,437,26280,0.5893394947052002,1.6,False
Uniform,60,2,5,0.8,2,275,16560,0.3968796730041504,1.15,False
Uniform,60,2,5,0.2,2,721,43320,0.9868693351745605,1.4000000000000001,False
Uniform,60,2,5,0.8,2,1065,63960,1.8962812423706055,1.2,False
Uniform,60,2,5,0.2,2,8,540,0.024530887603759766,1.6,False
Uniform,60,2,5,0.8,2,19,1200,0.06369423866271973,1.2,False
Uniform,60,2,5,0.2,2,16,1020,0.06832528114318848,1.6,False
Uniform,60,2,5,0.8,2,0,13,0.0004467964172363281,2,True
Uniform,60,2,5,0.2,2,116,7020,0.40298962593078613,1.6,False
Uniform,60,2,5,0.8,2,284,17100,0.9951877593994141,1.15,False
Uniform,60,2,5,0.2,2,9,600,0.03479266166687012,1.6,False
Uniform,60,2,5,0.8,2,51,3120,0.18481993675231934,1.15,False
Uniform,80,2,5,0.2,2,0,22,0.0016398429870605469,2,True
Uniform,80,2,5,0.8,2,1377,110240,5.002901792526245,1.2,False
Uniform,80,2,5,0.2,2,756,60560,1.8151068687438965,1.6,False
Uniform,80,2,5,0.8,2,2159,172800,5.001361846923828,1.2,False
Uniform,80,2,5,0.2,2,1499,120000,2.737697124481201,1.8,False
Uniform,80,2,5,0.8,2,5,505,0.014806747436523438,2,True
Uniform,80,2,5,0.2,2,2639,211200,5.000762939453125,1.8,False
Uniform,80,2,5,0.8,2,1987,159040,5.004088640213013,1.2,False
Uniform,80,2,5,0.2,2,0,83,0.013955116271972656,2,True
Uniform,80,2,5,0.8,2,0,12,0.0009775161743164062,2,True
Uniform,80,2,5,0.2,2,2016,161360,5.000900030136108,1.8,False
Uniform,80,2,5,0.8,2,0,129,0.002654552459716797,2,True
Uniform,80,2,5,0.2,2,15,1280,0.03711366653442383,1.6,False
Uniform,80,2,5,0.8,2,661,52960,1.5272672176361084,1.15,False
Uniform,80,2,5,0.2,2,0,158,0.0025916099548339844,2,True
Uniform,80,2,5,0.8,2,4,449,0.008724689483642578,2,True
Uniform,80,2,5,0.2,2,1849,148000,5.000900030136108,1.8,False
Uniform,80,2,5,0.8,2,1183,94720,3.9936017990112305,1.2,False
Uniform,80,2,5,0.2,2,23,1920,0.10407686233520508,1.6,False
Uniform,80,2,5,0.8,2,39,3200,0.13549089431762695,1.2,False
Uniform,100,2,5,0.2,2,1570,157100,5.000826120376587,1.8,False
Uniform,100,2,5,0.8,2,1853,185400,5.000325441360474,1.15,False
Uniform,100,2,5,0.2,2,2084,208500,5.0008344650268555,1.8,False
Uniform,100,2,5,0.8,2,1122,112300,2.473630666732788,1.2,False
Uniform,100,2,5,0.2,2,1981,198200,5.001437664031982,1.6,False
Uniform,100,2,5,0.8,2,0,35,0.0007197856903076172,2,True
Uniform,100,2,5,0.2,2,1888,188900,5.001550197601318,1.8,False
Uniform,100,2,5,0.8,2,1869,187000,5.001119136810303,1.15,False
Uniform,100,2,5,0.2,2,63,6401,0.1681044101715088,2,True
Uniform,100,2,5,0.8,2,2,305,0.007161617279052734,2,True
Uniform,100,2,5,0.2,2,1,218,0.004930734634399414,2,True
Uniform,100,2,5,0.8,2,1978,197900,5.000437021255493,1.2,False
Uniform,100,2,5,0.2,2,2272,227300,5.001880645751953,1.6,False
Uniform,100,2,5,0.8,2,42,4300,0.11656522750854492,1.15,False
Uniform,100,2,5,0.2,2,2204,220500,5.00092339515686,1.8,False
Uniform,100,2,5,0.8,2,2301,230200,5.001185417175293,1.15,False
Uniform,100,2,5,0.2,2,2243,224400,5.000676393508911,1.8,False
Uniform,100,2,5,0.8,2,1,239,0.004548788070678711,2,True
Uniform,100,2,5,0.2,2,0,28,0.0004956722259521484,2,True
Uniform,100,2,5,0.8,2,2125,212600,5.000509023666382,1.15,False
Uniform,20,4,5,0.2,4,16,340,0.010593414306640625,3.0000000000000004,False
Uniform,20,4,5,0.8,4,7,160,0.011399030685424805,1.4,False
Uniform,20,4,5,0.2,4,6,140,0.006077289581298828,2.4000000000000004,False
Uniform,20,4,5,0.8,4,7,160,0.012929439544677734,1.4,False
Uniform,20,4,5,0.2,4,10,220,0.010123014450073242,2.6,False
Uniform,20,4,5,0.8,4,7,160,0.006879329681396484,1.4,False
Uniform,20,4,5,0.2,4,11,240,0.01629924774169922,3.0,False
Uniform,20,4,5,0.8,4,23,480,0.022674083709716797,1.3499999999999999,False
Uniform,20,4,5,0.2,4,6,140,0.010756492614746094,2.4000000000000004,False
Uniform,20,4,5,0.8,4,15,320,0.0162656307220459,1.45,False
Uniform,20,4,5,0.2,4,7,160,0.010076284408569336,2.6,False
Uniform,20,4,5,0.8,4,11,240,0.015491962432861328,2.2,False
Uniform,20,4,5,0.2,4,11,240,0.014176130294799805,2.6,False
Uniform,20,4,5,0.8,4,14,300,0.016631126403808594,1.35,False
Uniform,20,4,5,0.2,4,20,420,0.019148588180541992,2.4,False
Uniform,20,4,5,0.8,4,20,420,0.01941370964050293,2.2,False
Uniform,20,4,5,0.2,4,10,220,0.00857400894165039,2.4000000000000004,False
Uniform,20,4,5,0.8,4,8,180,0.008841276168823242,1.45,False
Uniform,20,4,5,0.2,4,19,400,0.01997542381286621,3.0000000000000004,False
Uniform,20,4,5,0.8,4,10,220,0.009523153305053711,1.4499999999999997,False
Uniform,40,4,5,0.2,4,115,4640,0.19315123558044434,2.6,False
Uniform,40,4,5,0.8,4,14,600,0.03749561309814453,1.4,False
Uniform,40,4,5,0.2,4,130,5240,0.3079230785369873,2.8,False
Uniform,40,4,5,0.8,4,88,3560,0.2202739715576172,1.35,False
Uniform,40,4,5,0.2,4,54,2200,0.13712334632873535,2.8000000000000003,False
Uniform,40,4,5,0.8,4,43,1760,0.08288836479187012,1.45,False
Uniform,40,4,5,0.2,4,70,2840,0.12512898445129395,2.8000000000000003,False
Uniform,40,4,5,0.8,4,72,2920,0.1110832691192627,2.15,False
Uniform,40,4,5,0.2,4,31,1280,0.05265545845031738,2.8,False
Uniform,40,4,5,0.8,4,84,3400,0.1289067268371582,1.4999999999999998,False
Uniform,40,4,5,0.2,4,92,3720,0.15590810775756836,3.0000000000000004,False
Uniform,40,4,5,0.8,4,44,1800,0.08696746826171875,1.35,False
Uniform,40,4,5,0.2,4,18,760,0.036067962646484375,2.6,False
Uniform,40,4,5,0.8,4,48,1960,0.09009671211242676,2.3,False
Uniform,40,4,5,0.2,4,20,840,0.043057918548583984,3.0000000000000004,False
Uniform,40,4,5,0.8,4,31,1280,0.08266496658325195,1.4999999999999998,False
Uniform,40,4,5,0.2,4,23,960,0.039682865142822266,2.8000000000000003,False
Uniform,40,4,5,0.8,4,39,1600,0.0663764476776123,1.4499999999999997,False
Uniform,40,4,5,0.2,4,46,1880,0.09423041343688965,2.8000000000000003,False
Uniform,40,4,5,0.8,4,144,5800,0.20533323287963867,2.15,False
Uniform,60,4,5,0.2,4,791,47520,1.7036535739898682,3.6,False
Uniform,60,4,5,0.8,4,16,1020,0.051030874252319336,1.4,False
Uniform,60,4,5,0.2,4,292,17580,0.5819146633148193,3.0,False
Uniform,60,4,5,0.8,4,12,780,0.03807640075683594,2.3000000000000003,False
Uniform,60,4,5,0.2,4,702,42180,1.4502873420715332,3.0,False
Uniform,60,4,5,0.8,4,390,23460,0.7657439708709717,2.1999999999999997,False
Uniform,60,4,5,0.2,4,208,12540,0.40946507453918457,2.8000000000000003,False
Uniform,60,4,5,0.8,4,488,29340,1.2784628868103027,2.2,False
Uniform,60,4,5,0.2,4,669,40200,1.43540620803833,2.8,False
Uniform,60,4,5,0.8,4,388,23340,0.8907291889190674,2.15,False
Uniform,60,4,5,0.2,4,1063,63840,2.221266269683838,3.0,False
Uniform,60,4,5,0.8,4,163,9840,0.3449718952178955,2.1999999999999997,False
Uniform,60,4,5,0.2,4,778,46740,1.6567537784576416,2.8000000000000003,False
Uniform,60,4,5,0.8,4,95,5760,0.21855592727661133,2.2,False
Uniform,60,4,5,0.2,4,292,17580,0.6327283382415771,2.8000000000000003,False
Uniform,60,4,5,0.8,4,114,6900,0.28161025047302246,1.4,False
Uniform,60,4,5,0.2,4,497,29880,1.0434908866882324,2.6,False
Uniform,60,4,5,0.8,4,1176,70620,2.4424796104431152,1.4,False
Uniform,60,4,5,0.2,4,1225,73560,2.558152675628662,2.4000000000000004,False
Uniform,60,4,5,0.8,4,678,40740,1.4491374492645264,2.1,False
Uniform,80,4,5,0.2,4,2795,223680,6.888820171356201,2.8000000000000003,False
Uniform,80,4,5,0.8,4,785,62880,2.1918764114379883,1.4499999999999997,False
Uniform,80,4,5,0.2,4,792,63440,2.2160820960998535,2.8,False
Uniform,80,4,5,0.8,4,1024,82000,2.8313651084899902,2.2,False
Uniform,80,4,5,0.2,4,2751,220160,7.529138565063477,3.0,False
Uniform,80,4,5,0.8,4,183,14720,0.48186278343200684,2.2,False
Uniform,80,4,5,0.2,4,1538,123120,4.303284645080566,2.8000000000000003,False
Uniform,80,4,5,0.8,4,1608,128720,4.465725898742676,1.4,False
Uniform,80,4,5,0.2,4,3578,286320,10.00018835067749,3.0,False
Uniform,80,4,5,0.8,4,3594,287600,10.002196550369263,1.45,False
Uniform,80,4,5,0.2,4,898,71920,2.697157621383667,3.0,False
Uniform,80,4,5,0.8,4,3202,256240,8.927070617675781,2.2,False
Uniform,80,4,5,0.2,4,925,74080,2.5515801906585693,2.8000000000000003,False
Uniform,80,4,5,0.8,4,535,42880,1.4995925426483154,1.4999999999999998,False
Uniform,80,4,5,0.2,4,3613,289120,10.00019907951355,2.8,False
Uniform,80,4,5,0.8,4,2557,204640,10.001237154006958,2.15,False
Uniform,80,4,5,0.2,4,24,2000,0.06319379806518555,2.8000000000000003,False
Uniform,80,4,5,0.8,4,2415,193280,10.000496625900269,2.1,False
Uniform,80,4,5,0.2,4,3007,240640,10.000154733657837,2.8000000000000003,False
Uniform,80,4,5,0.8,4,3353,268320,10.000971794128418,3.2,False
Uniform,100,4,5,0.2,4,2840,284100,10.000778913497925,2.8000000000000003,False
Uniform,100,4,5,0.8,4,2520,252100,10.00309157371521,2.0999999999999996,False
Uniform,100,4,5,0.2,4,2520,252100,10.002568483352661,3.0,False
Uniform,100,4,5,0.8,4,3001,300200,10.001819372177124,2.25,False
Uniform,100,4,5,0.2,4,15,1600,0.09455013275146484,2.6,False
Uniform,100,4,5,0.8,4,2947,294800,10.00145173072815,2.2,False
Uniform,100,4,5,0.2,4,2516,251700,10.004143238067627,3.2,False
Uniform,100,4,5,0.8,4,2323,232400,10.00101613998413,2.25,False
Uniform,100,4,5,0.2,4,1729,173000,10.00188684463501,2.8000000000000003,False
Uniform,100,4,5,0.8,4,1965,196600,10.001234531402588,2.25,False
Uniform,100,4,5,0.2,4,2025,202600,10.008030414581299,3.2,False
Uniform,100,4,5,0.8,4,2593,259400,10.001958131790161,2.25,False
Uniform,100,4,5,0.2,4,2900,290100,10.002830266952515,2.8000000000000003,False
Uniform,100,4,5,0.8,4,2550,255100,10.004060745239258,2.15,False
Uniform,100,4,5,0.2,4,2763,276400,10.003228187561035,2.8,False
Uniform,100,4,5,0.8,4,813,81400,2.817652702331543,2.2,False
Uniform,100,4,5,0.2,4,2370,237100,10.002664566040039,3.0,False
Uniform,100,4,5,0.8,4,2523,252400,10.00182819366455,2.3000000000000003,False
Uniform,100,4,5,0.2,4,2537,253800,10.002411603927612,2.8000000000000003,False
Uniform,100,4,5,0.8,4,2837,283800,10.001802206039429,3.15,False
Uniform,20,8,5,0.2,8,11,240,0.01999354362487793,4.4,False
Uniform,20,8,5,0.8,8,9,200,0.027134418487548828,2.3,False
Uniform,20,8,5,0.2,8,10,220,0.018874406814575195,4.800000000000001,False
Uniform,20,8,5,0.8,8,11,240,0.034760236740112305,2.5,False
Uniform,20,8,5,0.2,8,9,200,0.034322261810302734,4.0,False
Uniform,20,8,5,0.8,8,12,260,0.029211044311523438,1.75,False
Uniform,20,8,5,0.2,8,15,320,0.031987667083740234,4.600000000000001,False
Uniform,20,8,5,0.8,8,10,220,0.023575544357299805,1.8499999999999996,False
Uniform,20,8,5,0.2,8,6,140,0.013026714324951172,4.4,False
Uniform,20,8,5,0.8,8,9,200,0.022351980209350586,3.25,False
Uniform,20,8,5,0.2,8,34,700,0.06945562362670898,4.800000000000001,False
Uniform,20,8,5,0.8,8,7,160,0.010581731796264648,2.45,False
Uniform,20,8,5,0.2,8,8,180,0.01322031021118164,4.800000000000001,False
Uniform,20,8,5,0.8,8,6,140,0.025298357009887695,2.3999999999999995,False
Uniform,20,8,5,0.2,8,7,160,0.01517629623413086,4.800000000000001,False
Uniform,20,8,5,0.8,8,12,260,0.03175687789916992,2.6999999999999997,False
Uniform,20,8,5,0.2,8,14,300,0.032119035720825195,4.600000000000001,False
Uniform,20,8,5,0.8,8,15,320,0.03127408027648926,2.7,False
Uniform,20,8,5,0.2,8,17,360,0.043534040451049805,4.2,False
Uniform,20,8,5,0.8,8,16,340,0.033057212829589844,1.9,False
Uniform,40,8,5,0.2,8,83,3360,0.23721981048583984,4.4,False
Uniform,40,8,5,0.8,8,21,880,0.08130621910095215,2.55,False
Uniform,40,8,5,0.2,8,193,7760,0.5207180976867676,4.6,False
Uniform,40,8,5,0.8,8,61,2480,0.19907855987548828,2.55,False
Uniform,40,8,5,0.2,8,12,520,0.03196430206298828,4.4,False
Uniform,40,8,5,0.8,8,24,1000,0.11272907257080078,2.5,False
Uniform,40,8,5,0.2,8,45,1840,0.1354074478149414,5.0,False
Uniform,40,8,5,0.8,8,18,760,0.058664560317993164,3.3499999999999996,False
Uniform,40,8,5,0.2,8,16,680,0.06749606132507324,4.2,False
Uniform,40,8,5,0.8,8,23,960,0.09333348274230957,3.4,False
Uniform,40,8,5,0.2,8,136,5480,0.4376227855682373,4.4,False
Uniform,40,8,5,0.8,8,47,1920,0.16641545295715332,2.6,False
Uniform,40,8,5,0.2,8,48,1960,0.16334795951843262,4.8,False
Uniform,40,8,5,0.8,8,43,1760,0.1281261444091797,2.5,False
Uniform,40,8,5,0.2,8,17,720,0.058704376220703125,5.0,False
Uniform,40,8,5,0.8,8,14,600,0.059326887130737305,2.5500000000000003,False
Uniform,40,8,5,0.2,8,41,1680,0.1359703540802002,5.200000000000001,False
Uniform,40,8,5,0.8,8,49,2000,0.13669419288635254,2.6,False
Uniform,40,8,5,0.2,8,16,680,0.0599822998046875,4.4,False
Uniform,40,8,5,0.8,8,35,1440,0.10993409156799316,2.8500000000000005,False
Uniform,60,8,5,0.2,8,465,27960,1.7106044292449951,5.2,False
Uniform,60,8,5,0.8,8,271,16320,0.9788413047790527,2.75,False
Uniform,60,8,5,0.2,8,338,20340,1.3508949279785156,5.2,False
Uniform,60,8,5,0.8,8,33,2040,0.15267419815063477,2.6,False
Uniform,60,8,5,0.2,8,317,19080,1.1207828521728516,4.6000000000000005,False
Uniform,60,8,5,0.8,8,161,9720,0.6141908168792725,3.4999999999999996,False
Uniform,60,8,5,0.2,8,859,51600,3.1163251399993896,5.0,False
Uniform,60,8,5,0.8,8,15,960,0.08068037033081055,2.45,False
Uniform,60,8,5,0.2,8,217,13080,0.8166120052337646,4.800000000000001,False
Uniform,60,8,5,0.8,8,227,13680,0.8605268001556396,2.55,False
Uniform,60,8,5,0.2,8,118,7140,0.4508330821990967,4.800000000000001,False
Uniform,60,8,5,0.8,8,1147,68880,4.2688188552856445,2.5,False
Uniform,60,8,5,0.2,8,12,780,0.06678152084350586,4.6,False
Uniform,60,8,5,0.8,8,163,9840,0.6314997673034668,2.55,False
Uniform,60,8,5,0.2,8,254,15300,1.0374393463134766,4.6000000000000005,False
Uniform,60,8,5,0.8,8,432,25980,1.6820380687713623,3.6,False
Uniform,60,8,5,0.2,8,61,3720,0.24963831901550293,4.6000000000000005,False
Uniform,60,8,5,0.8,8,400,24060,1.579160213470459,2.6500000000000004,False
Uniform,60,8,5,0.2,8,75,4560,0.298903226852417,4.4,False
Uniform,60,8,5,0.8,8,67,4080,0.27455806732177734,2.5500000000000003,False
Uniform,80,8,5,0.2,8,327,26240,1.9847280979156494,4.8,False
Uniform,80,8,5,0.8,8,2319,185600,12.450114011764526,2.75,False
Uniform,80,8,5,0.2,8,2376,190160,15.010204076766968,4.6,False
Uniform,80,8,5,0.8,8,127,10240,0.9789242744445801,3.3499999999999996,False
Uniform,80,8,5,0.2,8,1875,150080,15.002624988555908,4.600000000000001,False
Uniform,80,8,5,0.8,8,1000,80080,5.806580543518066,3.4,False
Uniform,80,8,5,0.2,8,846,67760,5.496919870376587,4.6000000000000005,False
Uniform,80,8,5,0.8,8,1850,148080,15.019233465194702,2.65,False
Uniform,80,8,5,0.2,8,1994,159600,15.003167390823364,4.800000000000001,False
Uniform,80,8,5,0.8,8,1513,121120,8.938019275665283,2.6499999999999995,False
Uniform,80,8,5,0.2,8,2661,212960,15.002232074737549,4.6000000000000005,False
Uniform,80,8,5,0.8,8,2527,202240,13.48973298072815,2.65,False
Uniform,80,8,5,0.2,8,2311,184960,15.00742244720459,4.6000000000000005,False
Uniform,80,8,5,0.8,8,2837,227040,15.001951217651367,2.55,False
Uniform,80,8,5,0.2,8,3105,248480,15.00260305404663,4.800000000000001,False
Uniform,80,8,5,0.8,8,3236,258960,15.001275777816772,2.55,False
Uniform,80,8,5,0.2,8,24,2000,0.15064287185668945,4.6000000000000005,False
Uniform,80,8,5,0.8,8,3033,242720,15.002599477767944,2.6499999999999995,False
Uniform,80,8,5,0.2,8,2798,223920,15.001393795013428,4.800000000000001,False
Uniform,80,8,5,0.8,8,2977,238240,15.004359006881714,3.5,False
Uniform,100,8,5,0.2,8,2434,243500,14.017592430114746,4.800000000000001,False
Uniform,100,8,5,0.8,8,1773,177400,12.468787670135498,2.75,False
Uniform,100,8,5,0.2,8,2206,220700,15.0037260055542,4.4,False
Uniform,100,8,5,0.8,8,2138,213900,15.001703977584839,2.5,False
Uniform,100,8,5,0.2,8,1943,194400,15.00400686264038,5.200000000000001,False
Uniform,100,8,5,0.8,8,1774,177500,15.000968933105469,2.85,False
Uniform,100,8,5,0.2,8,1498,149900,15.001972436904907,5.6,False
Uniform,100,8,5,0.8,8,1333,133400,15.003496408462524,2.6499999999999995,False
Uniform,100,8,5,0.2,8,1660,166100,15.001936435699463,5.000000000000002,False
Uniform,100,8,5,0.8,8,1702,170300,15.01555871963501,2.65,False
Uniform,100,8,5,0.2,8,1670,167100,15.000230312347412,4.800000000000001,False
Uniform,100,8,5,0.8,8,2537,253800,15.002437353134155,3.5,False
Uniform,100,8,5,0.2,8,2404,240500,15.001806020736694,4.800000000000001,False
Uniform,100,8,5,0.8,8,2283,228400,15.001260995864868,2.5999999999999996,False
Uniform,100,8,5,0.2,8,2189,219000,15.00431489944458,5.0,False
Uniform,100,8,5,0.8,8,2287,228800,15.003721475601196,3.3999999999999995,False
Uniform,100,8,5,0.2,8,2466,246700,15.002622604370117,5.200000000000001,False
Uniform,100,8,5,0.8,8,2438,243900,15.002552032470703,2.65,False
Uniform,100,8,5,0.2,8,2474,247500,15.005040884017944,5.4,False
Uniform,100,8,5,0.8,8,2519,252000,15.000234127044678,2.7,False
Uniform,20,16,5,0.2,16,9,200,0.02268075942993164,7.600000000000001,False
Uniform,20,16,5,0.8,16,11,240,0.035065650939941406,3.8500000000000005,False
Uniform,20,16,5,0.2,16,8,180,0.027254819869995117,8.200000000000001,False
Uniform,20,16,5,0.8,16,13,280,0.03789472579956055,4.199999999999999,False
Uniform,20,16,5,0.2,16,21,440,0.05863237380981445,8.200000000000001,False
Uniform,20,16,5,0.8,16,19,400,0.05466771125793457,4.299999999999999,False
Uniform,20,16,5,0.2,16,43,880,0.11614799499511719,7.600000000000001,False
Uniform,20,16,5,0.8,16,9,200,0.03623461723327637,3.85,False
Uniform,20,16,5,0.2,16,22,460,0.0766439437866211,7.600000000000001,False
Uniform,20,16,5,0.8,16,13,280,0.045389413833618164,3.0,False
Uniform,20,16,5,0.2,16,15,320,0.04766845703125,7.800000000000001,False
Uniform,20,16,5,0.8,16,9,200,0.02261066436767578,5.05,False
Uniform,20,16,5,0.2,16,6,140,0.03546452522277832,7.4,False
Uniform,20,16,5,0.8,16,12,260,0.04931187629699707,5.199999999999999,False
Uniform,20,16,5,0.2,16,24,500,0.07470059394836426,6.800000000000002,False
Uniform,20,16,5,0.8,16,21,440,0.0606842041015625,4.199999999999998,False
Uniform,20,16,5,0.2,16,9,200,0.029952049255371094,8.0,False
Uniform,20,16,5,0.8,16,11,240,0.034952402114868164,4.3,False
Uniform,20,16,5,0.2,16,8,180,0.03436899185180664,7.400000000000003,False
Uniform,20,16,5,0.8,16,19,400,0.06166863441467285,3.2500000000000004,False
Uniform,40,16,5,0.2,16,44,1800,0.20200610160827637,8.0,False
Uniform,40,16,5,0.8,16,7,320,0.03932619094848633,3.849999999999999,False
Uniform,40,16,5,0.2,16,40,1640,0.18510174751281738,8.400000000000002,False
Uniform,40,16,5,0.8,16,8,360,0.062493324279785156,3.85,False
Uniform,40,16,5,0.2,16,53,2160,0.24021029472351074,8.600000000000001,False
Uniform,40,16,5,0.8,16,61,2480,0.27234816551208496,4.199999999999999,False
Uniform,40,16,5,0.2,16,53,2160,0.24534273147583008,8.200000000000001,False
Uniform,40,16,5,0.8,16,9,400,0.05887556076049805,4.0,False
Uniform,40,16,5,0.2,16,14,600,0.0932004451751709,7.800000000000001,False
Uniform,40,16,5,0.8,16,227,9120,0.9683496952056885,4.300000000000001,False
Uniform,40,16,5,0.2,16,37,1520,0.19625258445739746,7.400000000000002,False
Uniform,40,16,5,0.8,16,33,1360,0.16499876976013184,4.05,False
Uniform,40,16,5,0.2,16,118,4760,0.5456027984619141,7.8000000000000025,False
Uniform,40,16,5,0.8,16,9,400,0.04748272895812988,4.05,False
Uniform,40,16,5,0.2,16,38,1560,0.1902756690979004,8.0,False
Uniform,40,16,5,0.8,16,65,2640,0.31582069396972656,4.3,False
Uniform,40,16,5,0.2,16,10,440,0.05973052978515625,8.600000000000001,False
Uniform,40,16,5,0.8,16,41,1680,0.1935107707977295,4.05,False
Uniform,40,16,5,0.2,16,12,520,0.06623458862304688,7.8,False
Uniform,40,16,5,0.8,16,42,1720,0.18964457511901855,4.6,False
Uniform,60,16,5,0.2,16,486,29220,3.288602828979492,8.400000000000002,False
Uniform,60,16,5,0.8,16,152,9180,1.0159399509429932,4.449999999999999,False
Uniform,60,16,5,0.2,16,262,15780,2.704345941543579,7.8000000000000025,False
Uniform,60,16,5,0.8,16,727,43680,5.736193418502808,4.85,False
Uniform,60,16,5,0.2,16,319,19200,2.178799629211426,8.800000000000002,False
Uniform,60,16,5,0.8,16,853,51240,5.949472188949585,4.3500000000000005,False
Uniform,60,16,5,0.2,16,537,32280,3.6784238815307617,8.000000000000002,False
Uniform,60,16,5,0.8,16,626,37620,4.24610447883606,4.25,False
Uniform,60,16,5,0.2,16,152,9180,1.0290184020996094,8.4,False
Uniform,60,16,5,0.8,16,533,32040,3.7111434936523438,4.05,False
Uniform,60,16,5,0.2,16,121,7320,0.9881951808929443,7.799999999999999,False
Uniform,60,16,5,0.8,16,136,8220,1.3156793117523193,4.1,False
Uniform,60,16,5,0.2,16,428,25740,3.6451053619384766,8.4,False
Uniform,60,16,5,0.8,16,447,26880,2.8616435527801514,4.799999999999999,False
Uniform,60,16,5,0.2,16,112,6780,0.784534215927124,8.2,False
Uniform,60,16,5,0.8,16,15,960,0.2008190155029297,4.2,False
Uniform,60,16,5,0.2,16,11,720,0.1242516040802002,8.8,False
Uniform,60,16,5,0.8,16,361,21720,2.627000093460083,4.25,False
Uniform,60,16,5,0.2,16,149,9000,0.9240427017211914,8.8,False
Uniform,60,16,5,0.8,16,240,14460,1.8071393966674805,4.999999999999999,False
Uniform,80,16,5,0.2,16,2023,161920,20.01468300819397,8.600000000000001,False
Uniform,80,16,5,0.8,16,137,11040,1.324488878250122,4.35,False
Uniform,80,16,5,0.2,16,2173,173920,20.001930952072144,7.999999999999999,False
Uniform,80,16,5,0.8,16,432,34640,3.7831475734710693,5.200000000000001,False
Uniform,80,16,5,0.2,16,2174,174000,20.000362873077393,8.200000000000003,False
Uniform,80,16,5,0.8,16,958,76720,8.537266492843628,4.199999999999999,False
Uniform,80,16,5,0.2,16,1913,153120,20.002267122268677,8.400000000000002,False
Uniform,80,16,5,0.8,16,310,24880,3.0552573204040527,4.3500000000000005,False
Uniform,80,16,5,0.2,16,2035,162880,20.004214763641357,9.4,False
Uniform,80,16,5,0.8,16,664,53200,6.133633613586426,5.049999999999999,False
Uniform,80,16,5,0.2,16,1987,159040,20.003899097442627,9.2,False
Uniform,80,16,5,0.8,16,338,27120,3.6392982006073,3.9999999999999996,False
Uniform,80,16,5,0.2,16,2007,160640,20.0011043548584,8.4,False
Uniform,80,16,5,0.8,16,2063,165120,20.001277208328247,4.1499999999999995,False
Uniform,80,16,5,0.2,16,979,78400,8.509990692138672,8.000000000000002,False
Uniform,80,16,5,0.8,16,316,25360,3.407926559448242,4.3,False
Uniform,80,16,5,0.2,16,106,8560,1.1048915386199951,8.8,False
Uniform,80,16,5,0.8,16,1981,158560,20.004058599472046,4.299999999999999,False
Uniform,80,16,5,0.2,16,1895,151680,20.000571250915527,7.800000000000002,False
Uniform,80,16,5,0.8,16,1415,113280,12.55758023262024,4.8,False
Uniform,100,16,5,0.2,16,1741,174200,20.01034116744995,9.0,False
Uniform,100,16,5,0.8,16,1545,154600,20.002222061157227,4.699999999999998,False
Uniform,100,16,5,0.2,16,1298,129900,20.009613752365112,8.600000000000001,False
Uniform,100,16,5,0.8,16,1400,140100,20.00774884223938,4.35,False
Uniform,100,16,5,0.2,16,1573,157400,20.0052969455719,8.600000000000001,False
Uniform,100,16,5,0.8,16,1812,181300,20.00015902519226,4.1,False
Uniform,100,16,5,0.2,16,1883,188400,20.00356411933899,8.200000000000001,False
Uniform,100,16,5,0.8,16,1936,193700,20.005523204803467,4.199999999999999,False
Uniform,100,16,5,0.2,16,1029,103000,11.915904998779297,8.2,False
Uniform,100,16,5,0.8,16,1846,184700,20.003263235092163,4.1499999999999995,False
Uniform,100,16,5,0.2,16,1779,178000,20.006258726119995,8.8,False
Uniform,100,16,5,0.8,16,1756,175700,20.002381563186646,4.499999999999999,False
Uniform,100,16,5,0.2,16,1107,110800,20.009100437164307,9.000000000000002,False
Uniform,100,16,5,0.8,16,1414,141500,20.005658864974976,4.299999999999999,False
Uniform,100,16,5,0.2,16,14,1500,0.19144320487976074,9.0,False
Uniform,100,16,5,0.8,16,1358,135900,20.006444931030273,4.75,False
Uniform,100,16,5,0.2,16,1490,149100,20.004427194595337,8.600000000000001,False
Uniform,100,16,5,0.8,16,1376,137700,20.007838010787964,4.1,False
Uniform,100,16,5,0.2,16,1507,150800,20.000860691070557,8.8,False
Uniform,100,16,5,0.8,16,1853,185400,20.000882863998413,4.35,False
OnePoint,20,1,5,0.2,1,0,25,0.0004286766052246094,1,True
OnePoint,20,1,5,0.8,1,0,18,0.00023555755615234375,1,True
OnePoint,20,1,5,0.2,1,7,160,0.0024809837341308594,0.8,False
OnePoint,20,1,5,0.8,1,0,6,0.00010800361633300781,1,True
OnePoint,20,1,5,0.2,1,0,3,6.29425048828125e-05,1,True
OnePoint,20,1,5,0.8,1,0,20,0.00025177001953125,1,True
OnePoint,20,1,5,0.2,1,3,80,0.0012254714965820312,0.8,False
OnePoint,20,1,5,0.8,1,2,60,0.0009229183197021484,0.14999999999999997,False
OnePoint,20,1,5,0.2,1,0,16,0.00021910667419433594,1,True
OnePoint,20,1,5,0.8,1,5,120,0.0018432140350341797,0.19999999999999996,False
OnePoint,20,1,5,0.2,1,0,14,0.0001952648162841797,1,True
OnePoint,20,1,5,0.8,1,3,80,0.0012187957763671875,0.19999999999999996,False
OnePoint,20,1,5,0.2,1,0,11,0.00016379356384277344,1,True
OnePoint,20,1,5,0.8,1,0,17,0.0002162456512451172,1,True
OnePoint,20,1,5,0.2,1,2,60,0.00095367431640625,0.6000000000000001,False
OnePoint,20,1,5,0.8,1,2,60,0.0009183883666992188,0.14999999999999997,False
OnePoint,20,1,5,0.2,1,0,3,7.128715515136719e-05,1,True
OnePoint,20,1,5,0.8,1,0,12,0.00027489662170410156,1,True
OnePoint,20,1,5,0.2,1,1,41,0.0011785030364990234,1,True
OnePoint,20,1,5,0.8,1,0,5,0.00017833709716796875,1,True
OnePoint,40,1,5,0.2,1,0,27,0.0007145404815673828,1,True
OnePoint,40,1,5,0.8,1,0,18,0.00026798248291015625,1,True
OnePoint,40,1,5,0.2,1,0,16,0.00025391578674316406,1,True
OnePoint,40,1,5,0.8,1,0,22,0.0002658367156982422,1,True
OnePoint,40,1,5,0.2,1,0,20,0.00024318695068359375,1,True
OnePoint,40,1,5,0.8,1,4,200,0.002885580062866211,0.19999999999999996,False
OnePoint,40,1,5,0.2,1,0,32,0.00038814544677734375,1,True
OnePoint,40,1,5,0.8,1,0,4,7.224082946777344e-05,1,True
OnePoint,40,1,5,0.2,1,0,29,0.0003421306610107422,1,True
OnePoint,40,1,5,0.8,1,2,131,0.0018510818481445312,1,True
OnePoint,40,1,5,0.2,1,0,11,0.00015282630920410156,1,True
OnePoint,40,1,5,0.8,1,0,27,0.00032973289489746094,1,True
OnePoint,40,1,5,0.2,1,0,15,0.00018715858459472656,1,True
OnePoint,40,1,5,0.8,1,0,7,0.0001010894775390625,1,True
OnePoint,40,1,5,0.2,1,0,12,0.00015616416931152344,1,True
OnePoint,40,1,5,0.8,1,0,5,7.939338684082031e-05,1,True
OnePoint,40,1,5,0.2,1,0,33,0.0003857612609863281,1,True
OnePoint,40,1,5,0.8,1,0,1,3.0994415283203125e-05,1,True
OnePoint,40,1,5,0.2,1,0,7,0.00010251998901367188,1,True
OnePoint,40,1,5,0.8,1,0,22,0.00026345252990722656,1,True
OnePoint,60,1,5,0.2,1,0,24,0.0002856254577636719,1,True
OnePoint,60,1,5,0.8,1,0,18,0.00021958351135253906,1,True
OnePoint,60,1,5,0.2,1,0,7,9.989738464355469e-05,1,True
OnePoint,60,1,5,0.8,1,0,12,0.00015497207641601562,1,True
OnePoint,60,1,5,0.2,1,0,4,6.651878356933594e-05,1,True
OnePoint,60,1,5,0.8,1,0,7,9.942054748535156e-05,1,True
OnePoint,60,1,5,0.2,1,0,31,0.0003573894500732422,1,True
OnePoint,60,1,5,0.8,1,0,7,9.918212890625e-05,1,True
OnePoint,60,1,5,0.2,1,0,24,0.00028133392333984375,1,True
OnePoint,60,1,5,0.8,1,0,4,6.818771362304688e-05,1,True
OnePoint,60,1,5,0.2,1,0,67,0.0009334087371826172,1,True
OnePoint,60,1,5,0.8,1,0,21,0.0002684593200683594,1,True
OnePoint,60,1,5,0.2,1,0,1,3.790855407714844e-05,1,True
OnePoint,60,1,5,0.8,1,0,33,0.00040602684020996094,1,True
OnePoint,60,1,5,0.2,1,81,4920,0.12667155265808105,0.8,False
OnePoint,60,1,5,0.8,1,0,12,0.0002224445343017578,1,True
OnePoint,60,1,5,0.2,1,0,25,0.00036025047302246094,1,True
OnePoint,60,1,5,0.8,1,0,60,0.0007970333099365234,1,True
OnePoint,60,1,5,0.2,1,0,2,5.698204040527344e-05,1,True
OnePoint,60,1,5,0.8,1,0,25,0.00035381317138671875,1,True
OnePoint,80,1,5,0.2,1,0,18,0.0002636909484863281,1,True
OnePoint,80,1,5,0.8,1,0,65,0.0008585453033447266,1,True
OnePoint,80,1,5,0.2,1,0,24,0.0003376007080078125,1,True
OnePoint,80,1,5,0.8,1,0,31,0.0004246234893798828,1,True
OnePoint,80,1,5,0.2,1,0,3,6.723403930664062e-05,1,True
OnePoint,80,1,5,0.8,1,0,17,0.00026035308837890625,1,True
OnePoint,80,1,5,0.2,1,0,47,0.0006287097930908203,1,True
OnePoint,80,1,5,0.8,1,0,69,0.0009088516235351562,1,True
OnePoint,80,1,5,0.2,1,0,50,0.0006730556488037109,1,True
OnePoint,80,1,5,0.8,1,0,4,8.20159912109375e-05,1,True
OnePoint,80,1,5,0.2,1,0,5,9.775161743164062e-05,1,True
OnePoint,80,1,5,0.8,1,0,19,0.0002830028533935547,1,True
OnePoint,80,1,5,0.2,1,0,7,0.00012540817260742188,1,True
OnePoint,80,1,5,0.8,1,0,36,0.0005104541778564453,1,True
OnePoint,80,1,5,0.2,1,0,35,0.0004971027374267578,1,True
OnePoint,80,1,5,0.8,1,0,20,0.0003216266632080078,1,True
OnePoint,80,1,5,0.2,1,0,121,0.0017466545104980469,1,True
OnePoint,80,1,5,0.8,1,0,43,0.0005891323089599609,1,True
OnePoint,80,1,5,0.2,1,0,4,9.012222290039062e-05,1,True
OnePoint,80,1,5,0.8,1,0,26,0.00037360191345214844,1,True
OnePoint,100,1,5,0.2,1,0,58,0.0008137226104736328,1,True
OnePoint,100,1,5,0.8,1,0,2,6.318092346191406e-05,1,True
OnePoint,100,1,5,0.2,1,0,30,0.00046825408935546875,1,True
OnePoint,100,1,5,0.8,1,4,500,0.008072376251220703,0.19999999999999996,False
OnePoint,100,1,5,0.2,1,0,20,0.0002999305725097656,1,True
OnePoint,100,1,5,0.8,1,0,44,0.0005788803100585938,1,True
OnePoint,100,1,5,0.2,1,0,9,0.00014281272888183594,1,True
OnePoint,100,1,5,0.8,1,0,85,0.001074075698852539,1,True
OnePoint,100,1,5,0.2,1,0,3,6.937980651855469e-05,1,True
OnePoint,100,1,5,0.8,1,0,10,0.00015401840209960938,1,True
OnePoint,100,1,5,0.2,1,0,18,0.00025177001953125,1,True
OnePoint,100,1,5,0.8,1,0,13,0.00018978118896484375,1,True
OnePoint,100,1,5,0.2,1,0,121,0.0018570423126220703,1,True
OnePoint,100,1,5,0.8,1,0,42,0.00055694580078125,1,True
OnePoint,100,1,5,0.2,1,0,11,0.0001735687255859375,1,True
OnePoint,100,1,5,0.8,1,0,12,0.0001842975616455078,1,True
OnePoint,100,1,5,0.2,1,0,9,0.00014638900756835938,1,True
OnePoint,100,1,5,0.8,1,0,45,0.0005943775177001953,1,True
OnePoint,100,1,5,0.2,1,0,27,0.0003795623779296875,1,True
OnePoint,100,1,5,0.8,1,0,7,0.0001227855682373047,1,True
OnePoint,20,2,5,0.2,2,0,11,0.0006406307220458984,2,True
OnePoint,20,2,5,0.8,2,23,480,0.026425838470458984,1.1,False
OnePoint,20,2,5,0.2,2,16,340,0.011539459228515625,1.6,False
OnePoint,20,2,5,0.8,2,15,320,0.008817911148071289,0.3499999999999999,False
OnePoint,20,2,5,0.2,2,7,160,0.005346536636352539,1.6,False
OnePoint,20,2,5,0.8,2,7,160,0.010839700698852539,1.1,False
OnePoint,20,2,5,0.2,2,7,160,0.006551265716552734,1.6,False
OnePoint,20,2,5,0.8,2,14,300,0.014005184173583984,1.1,False
OnePoint,20,2,5,0.2,2,6,140,0.004408359527587891,1.6,False
OnePoint,20,2,5,0.8,2,5,120,0.0036745071411132812,1.1,False
OnePoint,20,2,5,0.2,2,8,180,0.007002353668212891,1.4,False
OnePoint,20,2,5,0.8,2,18,380,0.016746997833251953,1.05,False
OnePoint,20,2,5,0.2,2,7,160,0.00462651252746582,1.4000000000000001,False
OnePoint,20,2,5,0.8,2,18,380,0.011532306671142578,1.15,False
OnePoint,20,2,5,0.2,2,10,220,0.012220144271850586,1.2000000000000002,False
OnePoint,20,2,5,0.8,2,8,180,0.005314350128173828,1.15,False
OnePoint,20,2,5,0.2,2,4,100,0.0028417110443115234,1.0,False
OnePoint,20,2,5,0.8,2,5,120,0.0037615299224853516,1.15,False
OnePoint,20,2,5,0.2,2,27,560,0.02138662338256836,1.4000000000000001,False
OnePoint,20,2,5,0.8,2,0,18,0.0005514621734619141,2,True
OnePoint,40,2,5,0.2,2,80,3240,0.08708834648132324,1.4,False
OnePoint,40,2,5,0.8,2,173,6960,0.1963329315185547,1.15,False
OnePoint,40,2,5,0.2,2,12,520,0.010568857192993164,1.6,False
OnePoint,40,2,5,0.8,2,11,480,0.009732246398925781,1.1,False
OnePoint,40,2,5,0.2,2,127,5120,0.13249421119689941,1.6,False
OnePoint,40,2,5,0.8,2,57,2320,0.06201481819152832,1.15,False
OnePoint,40,2,5,0.2,2,63,2560,0.08345222473144531,1.4000000000000001,False
OnePoint,40,2,5,0.8,2,39,1600,0.05489993095397949,1.15,False
OnePoint,40,2,5,0.2,2,5,240,0.00717616081237793,1.4000000000000001,False
OnePoint,40,2,5,0.8,2,18,760,0.025986671447753906,1.2,False
OnePoint,40,2,5,0.2,2,18,760,0.022300004959106445,1.6,False
OnePoint,40,2,5,0.8,2,67,2720,0.07500910758972168,1.05,False
OnePoint,40,2,5,0.2,2,12,520,0.012131690979003906,1.8,False
OnePoint,40,2,5,0.8,2,76,3080,0.08574962615966797,1.15,False
OnePoint,40,2,5,0.2,2,17,720,0.026149272918701172,1.4,False
OnePoint,40,2,5,0.8,2,86,3480,0.1049504280090332,1.1,False
OnePoint,40,2,5,0.2,2,18,760,0.019888639450073242,1.6,False
OnePoint,40,2,5,0.8,2,0,2,9.226799011230469e-05,2,True
OnePoint,40,2,5,0.2,2,18,760,0.0341191291809082,1.4000000000000001,False
OnePoint,40,2,5,0.8,2,157,6320,0.16077876091003418,0.3499999999999999,False
OnePoint,60,2,5,0.2,2,4,300,0.006757259368896484,1.4000000000000001,False
OnePoint,60,2,5,0.8,2,208,12540,0.26978325843811035,1.2,False
OnePoint,60,2,5,0.2,2,573,34440,0.7207646369934082,1.6,False
OnePoint,60,2,5,0.8,2,336,20220,0.43790364265441895,1.15,False
OnePoint,60,2,5,0.2,2,1078,64740,1.35247802734375,1.6,False
OnePoint,60,2,5,0.8,2,133,8040,0.34105372428894043,1.1,False
OnePoint,60,2,5,0.2,2,2807,168480,4.473911285400391,1.6,False
OnePoint,60,2,5,0.8,2,110,6660,0.19316577911376953,1.15,False
OnePoint,60,2,5,0.2,2,725,43560,1.1267855167388916,1.8,False
OnePoint,60,2,5,0.8,2,866,52020,1.2409636974334717,1.15,False
OnePoint,60,2,5,0.2,2,24,1500,0.1095740795135498,1.6,False
OnePoint,60,2,5,0.8,2,964,57900,1.7050843238830566,1.15,False
OnePoint,60,2,5,0.2,2,414,24900,0.8121535778045654,1.6,False
OnePoint,60,2,5,0.8,2,41,2520,0.07444286346435547,1.15,False
OnePoint,60,2,5,0.2,2,17,1080,0.04261016845703125,1.8,False
OnePoint,60,2,5,0.8,2,433,26040,0.8471109867095947,1.15,False
OnePoint,60,2,5,0.2,2,5,360,0.009182929992675781,1.4000000000000001,False
OnePoint,60,2,5,0.8,2,496,29820,0.811485767364502,1.2,False
OnePoint,60,2,5,0.2,2,2,185,0.004132986068725586,2,True
OnePoint,60,2,5,0.8,2,2,182,0.004014253616333008,2,True
OnePoint,80,2,5,0.2,2,2208,176720,5.000386953353882,1.4000000000000001,False
OnePoint,80,2,5,0.8,2,2187,175040,5.002415180206299,1.15,False
OnePoint,80,2,5,0.2,2,1050,84080,3.3833236694335938,1.8,False
OnePoint,80,2,5,0.8,2,323,25920,0.7154116630554199,1.15,False
OnePoint,80,2,5,0.2,2,2167,173440,3.9307987689971924,1.6,False
OnePoint,80,2,5,0.8,2,2080,166480,5.002252101898193,1.15,False
OnePoint,80,2,5,0.2,2,2048,163920,5.002627372741699,1.8,False
OnePoint,80,2,5,0.8,2,2184,174800,5.000674247741699,1.15,False
OnePoint,80,2,5,0.2,2,150,12080,0.2665548324584961,1.6,False
OnePoint,80,2,5,0.8,2,0,35,0.0007290840148925781,2,True
OnePoint,80,2,5,0.2,2,1612,129040,5.006887435913086,1.6,False
OnePoint,80,2,5,0.8,2,1267,101440,3.695561647415161,1.2,False
OnePoint,80,2,5,0.2,2,0,44,0.002543926239013672,2,True
OnePoint,80,2,5,0.8,2,2671,213760,5.001283407211304,1.2,False
OnePoint,80,2,5,0.2,2,1490,119280,2.8618195056915283,1.4000000000000001,False
OnePoint,80,2,5,0.8,2,2363,189120,4.480510234832764,1.15,False
OnePoint,80,2,5,0.2,2,273,21920,0.49065637588500977,1.4000000000000001,False
OnePoint,80,2,5,0.8,2,2789,223200,5.000584840774536,1.2,False
OnePoint,80,2,5,0.2,2,6,561,0.010406732559204102,2,True
OnePoint,80,2,5,0.8,2,2871,229760,5.000409126281738,1.15,False
OnePoint,100,2,5,0.2,2,2328,232900,5.001229286193848,1.6,False
OnePoint,100,2,5,0.8,2,2216,221700,5.001735687255859,1.2,False
OnePoint,100,2,5,0.2,2,740,74100,1.6677405834197998,1.8,False
OnePoint,100,2,5,0.8,2,0,34,0.0007486343383789062,2,True
OnePoint,100,2,5,0.2,2,0,159,0.0031714439392089844,2,True
OnePoint,100,2,5,0.8,2,2051,205200,5.001527786254883,1.1,False
OnePoint,100,2,5,0.2,2,2491,249200,5.001157999038696,1.6,False
OnePoint,100,2,5,0.8,2,2,316,0.005907773971557617,2,True
OnePoint,100,2,5,0.2,2,2195,219600,5.00116229057312,1.8,False
OnePoint,100,2,5,0.8,2,1896,189700,5.0002710819244385,1.2,False
OnePoint,100,2,5,0.2,2,1,221,0.004217863082885742,2,True
OnePoint,100,2,5,0.8,2,2235,223600,5.000486612319946,1.2,False
OnePoint,100,2,5,0.2,2,1843,184400,5.003793239593506,1.6,False
OnePoint,100,2,5,0.8,2,3,427,0.02840709686279297,2,True
OnePoint,100,2,5,0.2,2,0,86,0.002465963363647461,2,True
OnePoint,100,2,5,0.8,2,1868,186900,5.00087308883667,1.15,False
OnePoint,100,2,5,0.2,2,2153,215400,5.001789569854736,1.6,False
OnePoint,100,2,5,0.8,2,2184,218500,5.0012781620025635,1.2,False
OnePoint,100,2,5,0.2,2,0,100,0.002992868423461914,2,True
OnePoint,100,2,5,0.8,2,2147,214800,5.002436637878418,1.2,False
OnePoint,20,4,5,0.2,4,11,240,0.009161710739135742,2.2,False
OnePoint,20,4,5,0.8,4,12,260,0.016399621963500977,1.3000000000000003,False
OnePoint,20,4,5,0.2,4,4,100,0.004149675369262695,2.0,False
OnePoint,20,4,5,0.8,4,18,380,0.021904706954956055,1.25,False
OnePoint,20,4,5,0.2,4,7,160,0.006058931350708008,3.8,False
OnePoint,20,4,5,0.8,4,5,120,0.005820274353027344,1.25,False
OnePoint,20,4,5,0.2,4,6,140,0.005289316177368164,2.4,False
OnePoint,20,4,5,0.8,4,5,120,0.01282048225402832,1.4,False
OnePoint,20,4,5,0.2,4,21,440,0.037076473236083984,2.2,False
OnePoint,20,4,5,0.8,4,19,400,0.01911306381225586,2.2,False
OnePoint,20,4,5,0.2,4,11,240,0.02267622947692871,3.2,False
OnePoint,20,4,5,0.8,4,14,300,0.01965951919555664,1.25,False
OnePoint,20,4,5,0.2,4,14,300,0.020449161529541016,2.4,False
OnePoint,20,4,5,0.8,4,4,100,0.004832267761230469,1.45,False
OnePoint,20,4,5,0.2,4,9,200,0.01559138298034668,2.4000000000000004,False
OnePoint,20,4,5,0.8,4,13,280,0.01180887222290039,0.4999999999999999,False
OnePoint,20,4,5,0.2,4,31,640,0.04342031478881836,2.6000000000000005,False
OnePoint,20,4,5,0.8,4,9,200,0.011961221694946289,1.2999999999999998,False
OnePoint,20,4,5,0.2,4,3,80,0.009383678436279297,2.4000000000000004,False
OnePoint,20,4,5,0.8,4,10,220,0.018422603607177734,1.2000000000000002,False
OnePoint,40,4,5,0.2,4,123,4960,0.2783348560333252,2.4000000000000004,False
OnePoint,40,4,5,0.8,4,245,9840,0.3456535339355469,1.4,False
OnePoint,40,4,5,0.2,4,112,4520,0.1740889549255371,3.0,False
OnePoint,40,4,5,0.8,4,28,1160,0.046894073486328125,1.3499999999999999,False
OnePoint,40,4,5,0.2,4,45,1840,0.10579323768615723,2.8,False
OnePoint,40,4,5,0.8,4,11,480,0.015268802642822266,1.4,False
OnePoint,40,4,5,0.2,4,15,640,0.040312767028808594,2.4000000000000004,False
OnePoint,40,4,5,0.8,4,13,560,0.029206514358520508,2.2,False
OnePoint,40,4,5,0.2,4,30,1240,0.06859564781188965,2.6000000000000005,False
OnePoint,40,4,5,0.8,4,50,2040,0.08911371231079102,2.15,False
OnePoint,40,4,5,0.2,4,6,280,0.008280515670776367,2.8000000000000003,False
OnePoint,40,4,5,0.8,4,19,800,0.040992021560668945,1.2999999999999998,False
OnePoint,40,4,5,0.2,4,27,1120,0.0654449462890625,2.4,False
OnePoint,40,4,5,0.8,4,31,1280,0.0762789249420166,1.3499999999999999,False
OnePoint,40,4,5,0.2,4,50,2040,0.1520068645477295,3.0,False
OnePoint,40,4,5,0.8,4,128,5160,0.2330331802368164,2.15,False
OnePoint,40,4,5,0.2,4,5,240,0.00796818733215332,2.8000000000000003,False
OnePoint,40,4,5,0.8,4,15,640,0.03791308403015137,1.3499999999999999,False
OnePoint,40,4,5,0.2,4,14,600,0.03083062171936035,2.8,False
OnePoint,40,4,5,0.8,4,98,3960,0.1441338062286377,2.05,False
OnePoint,60,4,5,0.2,4,259,15600,0.4591867923736572,3.4000000000000004,False
OnePoint,60,4,5,0.8,4,144,8700,0.3076331615447998,2.2,False
OnePoint,60,4,5,0.2,4,526,31620,1.0139846801757812,3.0,False
OnePoint,60,4,5,0.8,4,567,34080,1.5084357261657715,1.5,False
OnePoint,60,4,5,0.2,4,142,8580,0.3415377140045166,2.8000000000000003,False
OnePoint,60,4,5,0.8,4,704,42300,1.8342280387878418,1.4,False
OnePoint,60,4,5,0.2,4,1556,93420,3.593256711959839,2.4000000000000004,False
OnePoint,60,4,5,0.8,4,630,37860,1.349954605102539,2.15,False
OnePoint,60,4,5,0.2,4,15,960,0.03602123260498047,3.2,False
OnePoint,60,4,5,0.8,4,467,28080,1.0548195838928223,1.4499999999999997,False
OnePoint,60,4,5,0.2,4,142,8580,0.30536937713623047,2.6,False
OnePoint,60,4,5,0.8,4,316,19020,0.6862549781799316,1.35,False
OnePoint,60,4,5,0.2,4,18,1140,0.0477142333984375,2.6,False
OnePoint,60,4,5,0.8,4,108,6540,0.22790193557739258,2.2,False
OnePoint,60,4,5,0.2,4,18,1140,0.048175811767578125,3.6,False
OnePoint,60,4,5,0.8,4,208,12540,0.4124777317047119,1.4,False
OnePoint,60,4,5,0.2,4,77,4680,0.17184853553771973,2.8000000000000003,False
OnePoint,60,4,5,0.8,4,582,34980,1.5784854888916016,1.45,False
OnePoint,60,4,5,0.2,4,414,24900,0.8502204418182373,2.8000000000000003,False
OnePoint,60,4,5,0.8,4,211,12720,0.46027159690856934,2.1,False
OnePoint,80,4,5,0.2,4,3272,261840,10.000553131103516,3.0,False
OnePoint,80,4,5,0.8,4,3091,247360,10.000187635421753,1.4,False
OnePoint,80,4,5,0.2,4,1291,103360,4.807899713516235,3.0,False
OnePoint,80,4,5,0.8,4,1872,149840,7.0205442905426025,1.3,False
OnePoint,80,4,5,0.2,4,935,74880,2.4395222663879395,3.0000000000000004,False
OnePoint,80,4,5,0.8,4,2950,236080,9.21288776397705,2.0999999999999996,False
OnePoint,80,4,5,0.2,4,2573,205920,10.000415086746216,2.8,False
OnePoint,80,4,5,0.8,4,3108,248720,10.006348848342896,1.2999999999999998,False
OnePoint,80,4,5,0.2,4,3832,306640,10.00031304359436,2.8000000000000003,False
OnePoint,80,4,5,0.8,4,150,12080,0.4012434482574463,2.0,False
OnePoint,80,4,5,0.2,4,257,20640,0.653292179107666,2.6,False
OnePoint,80,4,5,0.8,4,1329,106400,4.666920185089111,2.3,False
OnePoint,80,4,5,0.2,4,346,27760,0.7969465255737305,2.6,False
OnePoint,80,4,5,0.8,4,2237,179040,6.230221271514893,1.4,False
OnePoint,80,4,5,0.2,4,3864,309200,10.000489950180054,2.8,False
OnePoint,80,4,5,0.8,4,525,42080,1.225984811782837,2.15,False
OnePoint,80,4,5,0.2,4,1121,89760,2.827625274658203,2.6,False
OnePoint,80,4,5,0.8,4,3705,296480,10.004370927810669,2.25,False
OnePoint,80,4,5,0.2,4,3585,286880,10.000823974609375,3.0,False
OnePoint,80,4,5,0.8,4,3016,241360,10.000838994979858,2.15,False
OnePoint,100,4,5,0.2,4,2780,278100,10.003712892532349,3.2,False
OnePoint,100,4,5,0.8,4,2772,277300,10.000969171524048,1.4,False
OnePoint,100,4,5,0.2,4,1407,140800,4.599355459213257,3.2,False
OnePoint,100,4,5,0.8,4,1424,142500,5.073986768722534,2.15,False
OnePoint,100,4,5,0.2,4,7,800,0.04734206199645996,3.0,False
OnePoint,100,4,5,0.8,4,2765,276600,10.000636100769043,2.25,False
OnePoint,100,4,5,0.2,4,3092,309300,10.002254724502563,2.6000000000000005,False
OnePoint,100,4,5,0.8,4,9,1000,0.04121565818786621,1.35,False
OnePoint,100,4,5,0.2,4,1145,114600,4.019771099090576,2.8000000000000003,False
OnePoint,100,4,5,0.8,4,2828,282900,10.002717971801758,2.15,False
OnePoint,100,4,5,0.2,4,3108,310900,10.0009605884552,3.0000000000000004,False
OnePoint,100,4,5,0.8,4,2744,274500,10.002963066101074,1.4999999999999998,False
OnePoint,100,4,5,0.2,4,2822,282300,10.002076625823975,3.0000000000000004,False
OnePoint,100,4,5,0.8,4,2109,211000,7.668697834014893,2.15,False
OnePoint,100,4,5,0.2,4,2822,282300,10.00147819519043,3.0,False
OnePoint,100,4,5,0.8,4,2866,286700,10.001238107681274,2.15,False
OnePoint,100,4,5,0.2,4,2753,275400,10.002079486846924,3.4000000000000004,False
OnePoint,100,4,5,0.8,4,2649,265000,10.002445697784424,2.15,False
OnePoint,100,4,5,0.2,4,615,61600,2.9698009490966797,3.0000000000000004,False
OnePoint,100,4,5,0.8,4,2616,261700,10.000227928161621,1.4,False
OnePoint,20,8,5,0.2,8,9,200,0.024824857711791992,4.800000000000001,False
OnePoint,20,8,5,0.8,8,6,140,0.014119386672973633,1.5999999999999999,False
OnePoint,20,8,5,0.2,8,19,400,0.04671645164489746,4.6,False
OnePoint,20,8,5,0.8,8,18,380,0.030313730239868164,2.6,False
OnePoint,20,8,5,0.2,8,8,180,0.011867761611938477,4.200000000000001,False
OnePoint,20,8,5,0.8,8,7,160,0.009154796600341797,1.7999999999999998,False
OnePoint,20,8,5,0.2,8,13,280,0.026393413543701172,4.0,False
OnePoint,20,8,5,0.8,8,9,200,0.017858266830444336,1.7000000000000002,False
OnePoint,20,8,5,0.2,8,13,280,0.02864980697631836,4.200000000000001,False
OnePoint,20,8,5,0.8,8,10,220,0.015651702880859375,1.65,False
OnePoint,20,8,5,0.2,8,13,280,0.01630687713623047,4.0,False
OnePoint,20,8,5,0.8,8,9,200,0.010979413986206055,2.5,False
OnePoint,20,8,5,0.2,8,8,180,0.021165132522583008,4.0,False
OnePoint,20,8,5,0.8,8,9,200,0.024992942810058594,1.75,False
OnePoint,20,8,5,0.2,8,23,480,0.0332186222076416,4.0,False
OnePoint,20,8,5,0.8,8,9,200,0.023816823959350586,1.9,False
OnePoint,20,8,5,0.2,8,10,220,0.01536703109741211,4.2,False
OnePoint,20,8,5,0.8,8,12,260,0.025067806243896484,2.4499999999999997,False
OnePoint,20,8,5,0.2,8,12,260,0.02549910545349121,3.4000000000000004,False
OnePoint,20,8,5,0.8,8,8,180,0.012285947799682617,1.75,False
OnePoint,40,8,5,0.2,8,151,6080,0.3553924560546875,4.200000000000001,False
OnePoint,40,8,5,0.8,8,16,680,0.05084633827209473,2.4,False
OnePoint,40,8,5,0.2,8,11,480,0.03980517387390137,4.6000000000000005,False
OnePoint,40,8,5,0.8,8,30,1240,0.07613825798034668,3.4499999999999997,False
OnePoint,40,8,5,0.2,8,18,760,0.047931671142578125,4.800000000000001,False
OnePoint,40,8,5,0.8,8,70,2840,0.16095829010009766,1.8499999999999996,False
OnePoint,40,8,5,0.2,8,18,760,0.06461048126220703,4.2,False
OnePoint,40,8,5,0.8,8,90,3640,0.20115399360656738,2.5999999999999996,False
OnePoint,40,8,5,0.2,8,35,1440,0.09350848197937012,4.0,False
OnePoint,40,8,5,0.8,8,18,760,0.047164201736450195,1.6999999999999997,False
OnePoint,40,8,5,0.2,8,19,800,0.0372467041015625,4.0,False
OnePoint,40,8,5,0.8,8,109,4400,0.3216090202331543,2.6999999999999997,False
OnePoint,40,8,5,0.2,8,25,1040,0.10157895088195801,4.800000000000001,False
OnePoint,40,8,5,0.8,8,16,680,0.06837773323059082,2.8499999999999996,False
OnePoint,40,8,5,0.2,8,89,3600,0.2617506980895996,4.000000000000001,False
OnePoint,40,8,5,0.8,8,47,1920,0.18294286727905273,2.4499999999999997,False
OnePoint,40,8,5,0.2,8,64,2600,0.24177241325378418,4.4,False
OnePoint,40,8,5,0.8,8,68,2760,0.23083782196044922,1.9,False
OnePoint,40,8,5,0.2,8,14,600,0.035210371017456055,4.0,False
OnePoint,40,8,5,0.8,8,8,360,0.01689434051513672,3.5,False
OnePoint,60,8,5,0.2,8,270,16260,1.115372657775879,4.4,False
OnePoint,60,8,5,0.8,8,793,47640,3.1099629402160645,2.65,False
OnePoint,60,8,5,0.2,8,167,10080,0.7024264335632324,4.4,False
OnePoint,60,8,5,0.8,8,387,23280,1.1245648860931396,3.35,False
OnePoint,60,8,5,0.2,8,7,480,0.034433841705322266,4.600000000000001,False
OnePoint,60,8,5,0.8,8,473,28440,2.0438573360443115,2.6,False
OnePoint,60,8,5,0.2,8,937,56280,3.779540777206421,5.199999999999999,False
OnePoint,60,8,5,0.8,8,516,31020,1.9370193481445312,2.1499999999999995,False
OnePoint,60,8,5,0.2,8,203,12240,0.6269910335540771,5.2,False
OnePoint,60,8,5,0.8,8,722,43380,2.968223810195923,2.5,False
OnePoint,60,8,5,0.2,8,308,18540,0.9250874519348145,4.4,False
OnePoint,60,8,5,0.8,8,2225,133560,7.979628562927246,2.65,False
OnePoint,60,8,5,0.2,8,438,26340,1.6275768280029297,4.4,False
OnePoint,60,8,5,0.8,8,7,480,0.039032936096191406,2.5000000000000004,False
OnePoint,60,8,5,0.2,8,686,41220,2.5772414207458496,4.6000000000000005,False
OnePoint,60,8,5,0.8,8,137,8280,0.5844871997833252,3.35,False
OnePoint,60,8,5,0.2,8,488,29340,1.5949819087982178,5.0,False
OnePoint,60,8,5,0.8,8,144,8700,0.8100924491882324,2.6999999999999997,False
OnePoint,60,8,5,0.2,8,408,24540,2.4130477905273438,4.799999999999999,False
OnePoint,60,8,5,0.8,8,246,14820,0.7234113216400146,3.6000000000000005,False
OnePoint,80,8,5,0.2,8,3033,242720,14.381934881210327,4.800000000000001,False
OnePoint,80,8,5,0.8,8,3279,262400,15.0016508102417,3.3000000000000003,False
OnePoint,80,8,5,0.2,8,2837,227040,15.003312587738037,4.4,False
OnePoint,80,8,5,0.8,8,527,42240,2.695080280303955,3.4,False
OnePoint,80,8,5,0.2,8,530,42480,2.503988742828369,4.4,False
OnePoint,80,8,5,0.8,8,2975,238080,15.000595569610596,2.45,False
OnePoint,80,8,5,0.2,8,3471,277760,15.002098083496094,5.000000000000001,False
OnePoint,80,8,5,0.8,8,264,21200,1.0658314228057861,2.6999999999999997,False
OnePoint,80,8,5,0.2,8,3156,252560,15.00093388557434,4.6000000000000005,False
OnePoint,80,8,5,0.8,8,47,3840,0.20856428146362305,3.4,False
OnePoint,80,8,5,0.2,8,1780,142480,7.343501329421997,4.800000000000001,False
OnePoint,80,8,5,0.8,8,3345,267680,15.001391649246216,2.7,False
OnePoint,80,8,5,0.2,8,7,640,0.03957056999206543,4.400000000000001,False
OnePoint,80,8,5,0.8,8,1707,136640,6.39600682258606,2.75,False
OnePoint,80,8,5,0.2,8,77,6240,0.34708237648010254,5.000000000000001,False
OnePoint,80,8,5,0.8,8,1215,97280,5.636363744735718,2.6999999999999997,False
OnePoint,80,8,5,0.2,8,3211,256960,15.003742218017578,5.2,False
OnePoint,80,8,5,0.8,8,2231,178560,10.366409063339233,3.3,False
OnePoint,80,8,5,0.2,8,3202,256240,15.00160813331604,4.6,False
OnePoint,80,8,5,0.8,8,8,720,0.06960177421569824,2.15,False
OnePoint,100,8,5,0.2,8,1924,192500,15.007954359054565,4.8,False
OnePoint,100,8,5,0.8,8,2142,214300,15.015710353851318,3.1500000000000004,False
OnePoint,100,8,5,0.2,8,2194,219500,15.003143787384033,4.200000000000001,False
OnePoint,100,8,5,0.8,8,2276,227700,15.003299713134766,2.35,False
OnePoint,100,8,5,0.2,8,2684,268500,15.002152919769287,4.6,False
OnePoint,100,8,5,0.8,8,2859,286000,15.006139278411865,3.3000000000000003,False
OnePoint,100,8,5,0.2,8,2908,290900,15.003624200820923,4.800000000000001,False
OnePoint,100,8,5,0.8,8,2922,292300,15.003342390060425,2.6999999999999997,False
OnePoint,100,8,5,0.2,8,2977,297800,15.002720832824707,4.800000000000001,False
OnePoint,100,8,5,0.8,8,2970,297100,15.003878593444824,2.8499999999999996,False
OnePoint,100,8,5,0.2,8,3349,335000,15.000300168991089,5.2,False
OnePoint,100,8,5,0.8,8,2946,294700,15.003268003463745,2.7499999999999996,False
OnePoint,100,8,5,0.2,8,2846,284700,15.00389838218689,4.6,False
OnePoint,100,8,5,0.8,8,2847,284800,15.004224300384521,2.7,False
OnePoint,100,8,5,0.2,8,2931,293200,15.003854036331177,4.600000000000001,False
OnePoint,100,8,5,0.8,8,3303,330400,15.00272512435913,2.8499999999999996,False
OnePoint,100,8,5,0.2,8,2935,293600,15.003488779067993,4.6000000000000005,False
OnePoint,100,8,5,0.8,8,2793,279400,15.00106430053711,2.55,False
OnePoint,100,8,5,0.2,8,2447,244800,12.555727243423462,4.2,False
OnePoint,100,8,5,0.8,8,3185,318600,15.006382703781128,2.6499999999999995,False
OnePoint,20,16,5,0.2,16,18,380,0.048104047775268555,8.600000000000001,False
OnePoint,20,16,5,0.8,16,8,180,0.02576160430908203,4.05,False
OnePoint,20,16,5,0.2,16,17,360,0.05321812629699707,7.800000000000001,False
OnePoint,20,16,5,0.8,16,10,220,0.029933452606201172,3.0999999999999996,False
OnePoint,20,16,5,0.2,16,17,360,0.05946087837219238,8.000000000000002,False
OnePoint,20,16,5,0.8,16,9,200,0.02121591567993164,3.3,False
OnePoint,20,16,5,0.2,16,10,220,0.03453826904296875,8.0,False
OnePoint,20,16,5,0.8,16,21,440,0.07298088073730469,3.1499999999999995,False
OnePoint,20,16,5,0.2,16,7,160,0.018712997436523438,6.8000000000000025,False
OnePoint,20,16,5,0.8,16,5,120,0.025213003158569336,4.0,False
OnePoint,20,16,5,0.2,16,9,200,0.024350404739379883,7.400000000000001,False
OnePoint,20,16,5,0.8,16,10,220,0.03170371055603027,3.55,False
OnePoint,20,16,5,0.2,16,7,160,0.024574995040893555,7.000000000000002,False
OnePoint,20,16,5,0.8,16,9,200,0.02922534942626953,3.8499999999999996,False
OnePoint,20,16,5,0.2,16,8,180,0.030938148498535156,6.800000000000001,False
OnePoint,20,16,5,0.8,16,11,240,0.03366971015930176,3.8999999999999995,False
OnePoint,20,16,5,0.2,16,6,140,0.01811814308166504,7.200000000000001,False
OnePoint,20,16,5,0.8,16,5,120,0.024103164672851562,4.1,False
OnePoint,20,16,5,0.2,16,4,100,0.011615753173828125,8.6,False
OnePoint,20,16,5,0.8,16,8,180,0.029307126998901367,2.3499999999999996,False
OnePoint,40,16,5,0.2,16,23,960,0.09964799880981445,7.400000000000002,False
OnePoint,40,16,5,0.8,16,31,1280,0.13175368309020996,4.199999999999999,False
OnePoint,40,16,5,0.2,16,32,1320,0.12099409103393555,8.200000000000003,False
OnePoint,40,16,5,0.8,16,62,2520,0.21161556243896484,4.4,False
OnePoint,40,16,5,0.2,16,19,800,0.11432528495788574,7.800000000000001,False
OnePoint,40,16,5,0.8,16,40,1640,0.1674032211303711,3.6499999999999995,False
OnePoint,40,16,5,0.2,16,41,1680,0.1672804355621338,7.8000000000000025,False
OnePoint,40,16,5,0.8,16,18,760,0.08123159408569336,3.3499999999999996,False
OnePoint,40,16,5,0.2,16,98,3960,0.3749206066131592,7.400000000000001,False
OnePoint,40,16,5,0.8,16,27,1120,0.1196756362915039,3.3,False
OnePoint,40,16,5,0.2,16,131,5280,0.4637415409088135,9.4,False
OnePoint,40,16,5,0.8,16,33,1360,0.13907194137573242,3.9,False
OnePoint,40,16,5,0.2,16,198,7960,0.7622511386871338,7.999999999999999,False
OnePoint,40,16,5,0.8,16,105,4240,0.3955078125,3.3499999999999996,False
OnePoint,40,16,5,0.2,16,48,1960,0.1916816234588623,7.800000000000002,False
OnePoint,40,16,5,0.8,16,41,1680,0.1993098258972168,4.049999999999999,False
OnePoint,40,16,5,0.2,16,10,440,0.06166648864746094,7.200000000000003,False
OnePoint,40,16,5,0.8,16,16,680,0.08408951759338379,3.5999999999999996,False
OnePoint,40,16,5,0.2,16,32,1320,0.14225220680236816,7.800000000000002,False
OnePoint,40,16,5,0.8,16,10,440,0.05388784408569336,3.4499999999999993,False
OnePoint,60,16,5,0.2,16,45,2760,0.25457310676574707,8.2,False
OnePoint,60,16,5,0.8,16,442,26580,2.4393258094787598,4.050000000000001,False
OnePoint,60,16,5,0.2,16,775,46560,4.233694314956665,8.8,False
OnePoint,60,16,5,0.8,16,278,16740,1.4980583190917969,4.25,False
OnePoint,60,16,5,0.2,16,7,480,0.05715465545654297,8.6,False
OnePoint,60,16,5,0.8,16,338,20340,1.748692274093628,5.1000000000000005,False
OnePoint,60,16,5,0.2,16,543,32640,2.946714162826538,8.400000000000002,False
OnePoint,60,16,5,0.8,16,7,480,0.0684058666229248,3.4999999999999996,False
OnePoint,60,16,5,0.2,16,151,9120,0.859668493270874,7.600000000000001,False
OnePoint,60,16,5,0.8,16,690,41460,3.8654863834381104,4.3,False
OnePoint,60,16,5,0.2,16,260,15660,1.3022701740264893,8.0,False
OnePoint,60,16,5,0.8,16,342,20580,1.6928417682647705,4.949999999999999,False
OnePoint,60,16,5,0.2,16,572,34380,2.7792418003082275,8.4,False
OnePoint,60,16,5,0.8,16,91,5520,0.4721384048461914,4.1000000000000005,False
OnePoint,60,16,5,0.2,16,643,38640,3.2459893226623535,8.200000000000001,False
OnePoint,60,16,5,0.8,16,62,3780,0.31001782417297363,4.7,False
OnePoint,60,16,5,0.2,16,179,10800,0.937396764755249,7.400000000000002,False
OnePoint,60,16,5,0.8,16,399,24000,1.8893837928771973,4.3,False
OnePoint,60,16,5,0.2,16,889,53400,4.308248281478882,8.800000000000002,False
OnePoint,60,16,5,0.8,16,82,4980,0.4095644950866699,4.149999999999999,False
OnePoint,80,16,5,0.2,16,2955,236480,20.00233793258667,8.400000000000002,False
OnePoint,80,16,5,0.8,16,2772,221840,20.003191709518433,4.1,False
OnePoint,80,16,5,0.2,16,2982,238640,20.002591371536255,8.4,False
OnePoint,80,16,5,0.8,16,1733,138720,10.727027654647827,5.25,False
OnePoint,80,16,5,0.2,16,2956,236560,20.005207061767578,7.600000000000001,False
OnePoint,80,16,5,0.8,16,2466,197360,15.238754510879517,4.3,False
OnePoint,80,16,5,0.2,16,2968,237520,20.00382161140442,8.600000000000001,False
OnePoint,80,16,5,0.8,16,1197,95840,8.660606384277344,4.1499999999999995,False
OnePoint,80,16,5,0.2,16,1168,93520,8.062303304672241,8.0,False
OnePoint,80,16,5,0.8,16,835,66880,5.554025888442993,4.499999999999999,False
OnePoint,80,16,5,0.2,16,630,50480,4.603806972503662,8.200000000000001,False
OnePoint,80,16,5,0.8,16,2409,192800,15.34923267364502,5.449999999999999,False
OnePoint,80,16,5,0.2,16,1239,99200,8.9098801612854,7.400000000000001,False
OnePoint,80,16,5,0.8,16,2084,166800,13.725704431533813,4.599999999999999,False
OnePoint,80,16,5,0.2,16,245,19680,1.7034013271331787,8.2,False
OnePoint,80,16,5,0.8,16,1481,118560,9.928217649459839,4.1000000000000005,False
OnePoint,80,16,5,0.2,16,2962,237040,20.004915714263916,8.000000000000002,False
OnePoint,80,16,5,0.8,16,2245,179680,13.815502405166626,5.75,False
OnePoint,80,16,5,0.2,16,1903,152320,14.061586141586304,8.0,False
OnePoint,80,16,5,0.8,16,3016,241360,20.00326180458069,5.049999999999999,False
OnePoint,100,16,5,0.2,16,2318,231900,20.003297805786133,8.200000000000001,False
OnePoint,100,16,5,0.8,16,418,41900,3.6340699195861816,5.199999999999999,False
OnePoint,100,16,5,0.2,16,2101,210200,18.031972646713257,8.200000000000001,False
OnePoint,100,16,5,0.8,16,2347,234800,20.000473499298096,4.35,False
OnePoint,100,16,5,0.2,16,2247,224800,20.001927614212036,8.600000000000001,False
OnePoint,100,16,5,0.8,16,2332,233300,20.000160694122314,4.45,False
OnePoint,100,16,5,0.2,16,2289,229000,20.001063585281372,7.8000000000000025,False
OnePoint,100,16,5,0.8,16,2265,226600,20.001408338546753,5.099999999999999,False
OnePoint,100,16,5,0.2,16,2373,237400,20.00577425956726,8.0,False
OnePoint,100,16,5,0.8,16,2350,235100,20.00434899330139,4.1499999999999995,False
OnePoint,100,16,5,0.2,16,2355,235600,20.004497051239014,8.0,False
OnePoint,100,16,5,0.8,16,2323,232400,20.000158071517944,5.15,False
OnePoint,100,16,5,0.2,16,2198,219900,20.006123781204224,8.000000000000002,False
OnePoint,100,16,5,0.8,16,1889,189000,20.008237600326538,4.049999999999999,False
OnePoint,100,16,5,0.2,16,1852,185300,20.00049614906311,8.000000000000002,False
OnePoint,100,16,5,0.8,16,1793,179400,18.31692886352539,3.9,False
OnePoint,100,16,5,0.2,16,2030,203100,20.000741958618164,7.800000000000001,False
OnePoint,100,16,5,0.8,16,2040,204100,20.00180196762085,4.15,False
OnePoint,100,16,5,0.2,16,1914,191500,20.020504236221313,8.6,False
OnePoint,100,16,5,0.8,16,1755,175600,20.00286889076233,3.3000000000000003,False
